name,email,ccid,cell,leader_level,discount
Cassandra Brown,c_brown@cc.edu,178964,719-678-6574,two,20%
Annelize Swiss,a_swiss@cc.edu,156478,895-786-7674,none,0%
Morgan Macy,m_m@cc.edu,178593,702-567-0987,three,50%
Tim More,t_m@cc.edu,154386,302-456-8765,none,0%
Jack Morris,j_m@cc.edu,163922,901-567-9873,two,20%
Marley Ferg,m_f@cc.edu,134782,904-567-4678,none,0%
Lin Emerson,l_e@cc.edu,142789,901-654-2678,three,50%
Dave Till,d_t@cc.edu,128976,304-675-1234,none,0%
Sihle Shezi,s_s@cc.edu,127865,205-678-1245,two,20%
